Order,Emoji,Word,Transcription,Transcription_UK,Symbol,Category,Literal_Translation,Contextual_Translation
265,ğŸŒ‰,Bridge,/brÉªdÊ’/,/brÉªdÊ’/,/dÊ’/,Affricates,"ponte, ligaÃ§Ã£o, conexÃ£o, passarela, travessia",Estrutura que permite cruzar rios ou ligar dois pontos.
264,ğŸ§¥,Jacket,/ËˆdÊ’Ã¦.kÉªt/,/ËˆdÊ’Ã¦k.Éªt/,/dÊ’/,Affricates,"jaqueta, casaco, blazer, paletÃ³, capa",PeÃ§a de roupa usada sobre o tronco para frio/proteÃ§Ã£o.
262,ğŸ’¼,Job,/dÊ’É‘Ëb/,/dÊ’É’b/,/dÊ’/,Affricates,"trabalho, emprego, funÃ§Ã£o, cargo, tarefa",Atividade profissional exercida por alguÃ©m.
263,ğŸ˜‚,Joke,/dÊ’oÊŠk/,/dÊ’É™ÊŠk/,/dÊ’/,Affricates,"piada, brincadeira, gracejo, trote, ironia",Algo dito ou feito para provocar riso.
266,ğŸ—£ï¸,Language,/ËˆlÃ¦Å‹.É¡wÉªdÊ’/,/ËˆlÃ¦Å‹.É¡wÉªdÊ’/,/dÊ’/,Affricates,"lÃ­ngua, idioma, linguagem, fala, expressÃ£o",Sistema usado para comunicaÃ§Ã£o entre pessoas.
267,ğŸ“…,Schedule,/ËˆskedÊ’.uËl/,/ËˆÊƒedÊ’.uËl/,/dÊ’/,Affricates,"horÃ¡rio, cronograma, agenda, programaÃ§Ã£o, plano",Lista organizada de compromissos ou atividades.
256,ğŸ§—,Challenge,/ËˆtÊƒÃ¦.lÉªndÊ’/,/ËˆtÊƒÃ¦l.ÉªndÊ’/,/tÊƒ/,Affricates,"desafio, obstÃ¡culo, prova, teste, provocaÃ§Ã£o",Algo difÃ­cil que exige esforÃ§o para ser superado.
258,ğŸ“º,Channel,/ËˆtÊƒÃ¦.nÉ™l/,/ËˆtÊƒÃ¦n.É™l/,/tÊƒ/,Affricates,"canal, meio, via, emissora, trajeto",Meio de comunicaÃ§Ã£o ou passagem fÃ­sica.
257,ğŸ“–,Chapter,/ËˆtÊƒÃ¦p.tÉ™r/,/ËˆtÊƒÃ¦p.tÉ™r/,/tÊƒ/,Affricates,"capÃ­tulo, parte, seÃ§Ã£o, etapa, episÃ³dio",DivisÃ£o de um livro ou fase de um processo.
259,ğŸ‘¶,Childhood,/ËˆtÊƒaÉªld.hÊŠd/,/ËˆtÊƒaÉªld.hÊŠd/,/tÊƒ/,Affricates,"infÃ¢ncia, fase, juventude, perÃ­odo, comeÃ§o",PerÃ­odo inicial da vida de uma pessoa.
261,ğŸ«,Chocolate,/ËˆtÊƒÉ‘Ë.klÉ™t/,/ËˆtÊƒÉ’k.lÉ™t/,/tÊƒ/,Affricates,"chocolate, doce, bombom, barra, cacau",Alimento feito de cacau; sobremesa popular.
260,â›ª,Church,/tÊƒÉœËrtÊƒ/,/tÊƒÉœËtÊƒ/,/tÊƒ/,Affricates,"igreja, templo, congregaÃ§Ã£o, culto, instituiÃ§Ã£o",Local ou organizaÃ§Ã£o religiosa cristÃ£.
83,ğŸ‘ï¸,Eye,/aÉª/,/aÉª/,/aÉª/,Diphthongs,"olho, visÃ£o, olhar, perspectiva, atenÃ§Ã£o",Ã“rgÃ£o da visÃ£o ou ponto de vista de alguÃ©m.
109,ğŸ’¡,Idea,/aÉªËˆdÉªÉ™/,/aÉªËˆdÉªÉ™/,/aÉª/,Diphthongs,"ideia, pensamento, noÃ§Ã£o, conceito, opiniÃ£o",RepresentaÃ§Ã£o mental de algo; plano.
84,ğŸï¸,Island,/ËˆaÉª.lÉ™nd/,/ËˆaÉª.lÉ™nd/,/aÉª/,Diphthongs,"ilha, ilhota, territÃ³rio, refÃºgio, regiÃ£o",TerritÃ³rio cercado por Ã¡gua; tambÃ©m uso figurado.
86,ğŸ§©,Item,/ËˆaÉª.tÌ¬É™m/,/ËˆaÉª.tÉ™m/,/aÉª/,Diphthongs,"item, artigo, produto, objeto, elemento",Unidade individual dentro de uma lista ou conjunto.
85,ğŸ§¬,Life,/laÉªf/,/laÉªf/,/aÉª/,Diphthongs,"vida, existÃªncia, vitalidade, cotidiano, biografia",Estado de estar vivo; tambÃ©m modo de viver.
87,ğŸ’²,Price,/praÉªs/,/praÉªs/,/aÉª/,Diphthongs,"preÃ§o, valor, custo, taxa, quantia",Valor cobrado por um produto ou serviÃ§o.
99,ğŸ§¾,Account,/É™ËˆkaÊŠnt/,/É™ËˆkaÊŠnt/,/aÊŠ/,Diphthongs,"conta, perfil, relatÃ³rio, explicaÃ§Ã£o, registro",Registro financeiro ou perfil digital; tambÃ©m versÃ£o dos fatos.
95,â˜ï¸,Cloud,/klaÊŠd/,/klaÊŠd/,/aÊŠ/,Diphthongs,"nuvem, nÃ©voa, sombra, massa, acÃºmulo",Conjunto de gotÃ­culas no cÃ©u; tambÃ©m computaÃ§Ã£o em nuvem.
97,ğŸŒ¸,Flower,/ËˆflÉ‘ÊŠÂ·É™r/,/flaÊŠÉ™r/,/aÊŠ/,Diphthongs,"flor, planta, botÃ£o, espÃ©cie, enfeite",Parte colorida das plantas; sÃ­mbolo de beleza e afeto.
94,ğŸ•,Hour,/aÊŠr/,/aÊŠÉ™r/,/aÊŠ/,Diphthongs,"hora, perÃ­odo, tempo, duraÃ§Ã£o, momento",Unidade de tempo; pode indicar o momento certo.
96,ğŸš¿,Shower,/ËˆÊƒÉ‘ÊŠÂ·É™r/,/ÊƒaÊŠÉ™r/,/aÊŠ/,Diphthongs,"chuveiro, banho, chuva, garoa, temporal",Banho rÃ¡pido ou chuva leve.
98,ğŸ¶,Sound,/saÊŠnd/,/saÊŠnd/,/aÊŠ/,Diphthongs,"som, ruÃ­do, barulho, vibraÃ§Ã£o, tom",O que Ã© ouvido; tambÃ©m â€œparecerâ€ (sound good).
115,ğŸŒ¬ï¸,Air,/eÉ™r/,/eÉ™r/,/eÉ™/,Diphthongs,"ar, atmosfera, vento, brisa, aparÃªncia",SubstÃ¢ncia que respiramos; pode indicar atitude (an air of...).
114,ğŸ§˜,Care,/keÉ™r/,/keÉ™r/,/eÉ™/,Diphthongs,"cuidado, atenÃ§Ã£o, preocupaÃ§Ã£o, zelo, tratamento",Ato de cuidar ou demonstrar atenÃ§Ã£o.
117,ğŸª‘,Chair,/tÊƒeÉ™r/,/tÊƒeÉ™r/,/eÉ™/,Diphthongs,"cadeira, assento, poltrona, posto, cargo",Objeto para sentar ou posiÃ§Ã£o de lideranÃ§a (chairperson).
116,âš–ï¸,Fair,/feÉ™r/,/feÉ™r/,/eÉ™/,Diphthongs,"justo, claro, honesto, razoÃ¡vel, feira",Pode significar justo ou um evento pÃºblico (a fair).
112,ğŸ’‡â€â™€ï¸,Hair,/heÉ™r/,/heÉ™r/,/eÉ™/,Diphthongs,"cabelo, fio, pelos, penteado, madeixa",Conjunto de fios que crescem na cabeÃ§a ou corpo.
113,2ï¸âƒ£,Pair,/peÉ™r/,/peÉ™r/,/eÉ™/,Diphthongs,"par, dupla, casal, conjunto, combinaÃ§Ã£o",Duas coisas ou pessoas que formam um conjunto.
76,ğŸ‚,Age,/eÉªdÊ’/,/eÉªdÊ’/,/eÉª/,Diphthongs,"idade, Ã©poca, era, perÃ­odo, geraÃ§Ã£o",Quantidade de anos de vida ou tempo histÃ³rico.
77,â˜€ï¸,Day,/deÉª/,/deÉª/,/eÉª/,Diphthongs,"dia, jornada, perÃ­odo, data, tempo",Unidade de tempo de 24 h; tambÃ©m usado para rotina.
81,ğŸ®,Game,/É¡eÉªm/,/É¡eÉªm/,/eÉª/,Diphthongs,"jogo, partida, competiÃ§Ã£o, brincadeira, estratÃ©gia",Atividade recreativa ou esportiva com regras.
79,ğŸ·ï¸,Name,/neÉªm/,/neÉªm/,/eÉª/,Diphthongs,"nome, denominaÃ§Ã£o, tÃ­tulo, apelido, marca","Palavra que identifica uma pessoa, coisa ou marca."
80,ğŸ“,Place,/pleÉªs/,/pleÉªs/,/eÉª/,Diphthongs,"lugar, local, posiÃ§Ã£o, espaÃ§o, ponto",Ãrea ou localizaÃ§Ã£o fÃ­sica; tambÃ©m â€œpapelâ€ ou â€œposiÃ§Ã£oâ€.
78,ğŸ“…,Today,/tÉ™ËˆdeÉª/,/tÉ™ËˆdeÉª/,/eÉª/,Diphthongs,"hoje, atualmente, presente, momento, dia atual",O dia em que estamos; tambÃ©m o mundo atual.
103,ğŸ‘š,Clothes,/kloÊŠz/,/klÉ™ÊŠÃ°z/,/oÊŠ/,Diphthongs,"roupas, vestes, trajes, peÃ§as, vestimenta",Conjunto de peÃ§as usadas para se vestir.
105,ğŸƒ,Flow,/floÊŠ/,/flÉ™ÊŠ/,/oÊŠ/,Diphthongs,"fluxo, corrente, movimento, andamento, fluidez","Movimento contÃ­nuo de algo, como Ã¡gua ou ideias."
102,ğŸ ,Home,/hoÊŠm/,/hÉ™ÊŠm/,/oÊŠ/,Diphthongs,"lar, casa, residÃªncia, moradia, origem",Lugar onde alguÃ©m vive ou sente pertencimento.
101,ğŸ¨,Hotel,/hoÊŠËˆtel/,/hÉ™ÊŠËˆtel/,/oÊŠ/,Diphthongs,"hotel, hospedagem, albergue, pousada, acomodaÃ§Ã£o",Local comercial onde pessoas dormem temporariamente.
100,ğŸ‘,No,/noÊŠ/,/nÉ™ÊŠ/,/oÊŠ/,Diphthongs,"nÃ£o, negaÃ§Ã£o, recusa, rejeiÃ§Ã£o, oposiÃ§Ã£o",Palavra usada para negar ou recusar algo.
104,ğŸ›£ï¸,Road,/roÊŠd/,/rÉ™ÊŠd/,/oÊŠ/,Diphthongs,"estrada, via, caminho, rodovia, percurso",Faixa usada para trÃ¢nsito de veÃ­culos e pessoas.
88,ğŸ‘¦,Boy,/bÉ”Éª/,/bÉ”Éª/,/É”Éª/,Diphthongs,"menino, garoto, rapaz, jovem, filho","Pessoa do sexo masculino, geralmente crianÃ§a/adolescente."
93,ğŸ‘¨â€ğŸ’¼,Employee,/ÉªmËˆplÉ”Éª.iË/,/ÉªmËˆplÉ”Éª.iË/,/É”Éª/,Diphthongs,"empregado, funcionÃ¡rio, colaborador, trabalhador, assistente",Pessoa que trabalha em uma empresa sob contrato.
92,âš–ï¸,Lawyer,/ËˆlÉ”ÉªÂ·É™r/,/ËˆlÉ”Éª.É™r/,/É”Éª/,Diphthongs,"advogado, jurista, defensor, procurador, assessor jurÃ­dico","Profissional que atua com leis, direitos e defesas legais."
89,ğŸ”Š,Noise,/nÉ”Éªz/,/nÉ”Éªz/,/É”Éª/,Diphthongs,"barulho, som, ruÃ­do, confusÃ£o, tumulto",Som incÃ´modo ou ambiente ruidoso.
91,â–ªï¸,Point,/pÉ”Éªnt/,/pÉ”Éªnt/,/É”Éª/,Diphthongs,"ponto, questÃ£o, argumento, objetivo, local","Indica posiÃ§Ã£o, ideia ou objetivo principal."
90,ğŸ—£ï¸,Voice,/vÉ”Éªs/,/vÉ”Éªs/,/É”Éª/,Diphthongs,"voz, fala, som, opiniÃ£o, expressÃ£o",Som produzido ao falar; tambÃ©m direito de se expressar.
150,ğŸ’¼,Career,/kÉ™ËˆrÉªÉ™r/,/kÉ™ËˆrÉªÉ™r/,/ÉªÉ™/,Diphthongs,"carreira, profissÃ£o, trajetÃ³ria, vida profissional, caminho",Conjunto de experiÃªncias de trabalho ao longo da vida.
107,ğŸ‘‚,Ear,/ÉªÉ™r/,/ÉªÉ™r/,/ÉªÉ™/,Diphthongs,"ouvido, orelha, escuta, audiÃ§Ã£o, percepÃ§Ã£o",Ã“rgÃ£o responsÃ¡vel pela audiÃ§Ã£o.
111,ğŸ§‘â€ğŸ”¬,Engineer,/ËŒendÊ’ÉªËˆnÉªÉ™r/,/ËŒen.dÊ’ÉªËˆnÉªÉ™r/,/ÉªÉ™/,Diphthongs,"engenheiro, tÃ©cnico, projetista, especialista, inventor",Profissional que aplica ciÃªncia e tÃ©cnica para criar soluÃ§Ãµes.
108,ğŸ”¥,Fire,/â€™faÉªÉ™r/,/faÉªÉ™r/,/ÉªÉ™/,Diphthongs,"fogo, incÃªndio, tiro, disparo, demissÃ£o",FenÃ´meno de combustÃ£o; tambÃ©m demitir (verbo).
109,ğŸ’¡,Idea,/aÉªËˆdÉªÉ™/,/aÉªËˆdÉªÉ™/,/ÉªÉ™/,Diphthongs,"ideia, pensamento, noÃ§Ã£o, conceito, opiniÃ£o",RepresentaÃ§Ã£o mental de algo; plano.
106,ğŸ“…,Year,/jÉªÉ™r/,/jÉªÉ™r/,/ÉªÉ™/,Diphthongs,"ano, perÃ­odo, ciclo, etapa, tempo",Unidade de 12 meses; tambÃ©m fase da vida.
123,ğŸ“¢,Disclosure,/dÉªsËˆklÉ™ÊŠ.Ê’É™/,/dÉªËˆsklÉ™ÊŠ.Ê’É™r/,/ÊŠÉ™/,Diphthongs,"divulgaÃ§Ã£o, revelaÃ§Ã£o, exposiÃ§Ã£o, anÃºncio, comunicaÃ§Ã£o",Ato de tornar algo conhecido publicamente.
119,âš¡,Power,/ËˆpaÊŠÉ™r/,/paÊŠÉ™r/,/ÊŠÉ™/,Diphthongs,"poder, energia, forÃ§a, autoridade, influÃªncia","Capacidade de agir, controlar ou causar efeito."
118,ğŸ’§,Pure,/pjÊŠÉ™r/,/pjÊŠÉ™r/,/ÊŠÉ™/,Diphthongs,"puro, limpo, genuÃ­no, sincero, simples",Algo sem mistura ou de essÃªncia verdadeira.
122,ğŸ”’,Security,/sÉªËˆkjÊŠÉ™.rÉ™.ti/,/sÉªËˆkjÊŠÉ™.rÉ™.ti/,/ÊŠÉ™/,Diphthongs,"seguranÃ§a, proteÃ§Ã£o, estabilidade, vigilÃ¢ncia, confianÃ§a",Estado de estar protegido contra perigos.
120,ğŸšŒ,Tour,/tÊŠÉ™r/,/tÊŠÉ™r/,/ÊŠÉ™/,Diphthongs,"passeio, excursÃ£o, viagem, rota, turnÃª",Viagem organizada ou sÃ©rie de apresentaÃ§Ãµes.
121,ğŸ—¼,Tower,/ËˆtaÊŠÉ™r/,/taÊŠÉ™r/,/ÊŠÉ™/,Diphthongs,"torre, prÃ©dio, estrutura, fortaleza, arranha-cÃ©u","ConstruÃ§Ã£o alta e estreita, geralmente vertical."
161,ğŸ™‚,Face,/feÉªs/,/feÉªs/,/f/,Fricatives,"rosto, expressÃ£o, aparÃªncia, fachada, superfÃ­cie",Parte frontal da cabeÃ§a; tambÃ©m aparÃªncia de algo.
164,ğŸ‘—,Fashion,/ËˆfÃ¦Êƒ.É™n/,/ËˆfÃ¦Êƒ.É™n/,/f/,Fricatives,"moda, estilo, tendÃªncia, costume, elegÃ¢ncia",Modo popular de se vestir ou se comportar.
162,ğŸ’–,Favorite,/ËˆfeÉª.vÉ™.rÉªt/,/ËˆfeÉª.vÉ™r.Éªt/,/f/,Fricatives,"favorito, preferido, querido, amado, principal",O que se prefere em relaÃ§Ã£o aos demais.
160,ğŸŒ,Foreign,/ËˆfÉ”Ër.É™n/,/ËˆfÉ’r.É™n/,/f/,Fricatives,"estrangeiro, externo, internacional, de fora, alheio",Relacionado a outro paÃ­s ou cultura.
163,ğŸ—½,Freedom,/ËˆfriË.dÉ™m/,/ËˆfriË.dÉ™m/,/f/,Fricatives,"liberdade, independÃªncia, autonomia, direito, soltura",Estado de estar livre de restriÃ§Ãµes.
165,ğŸ§˜,Physical,/ËˆfÉªz.Éª.kÉ™l/,/ËˆfÉªz.Éª.kÉ™l/,/f/,Fricatives,"fÃ­sico, corporal, material, concreto, tangÃ­vel",Relacionado ao corpo ou a coisas palpÃ¡veis.
212,ğŸ”,Habit,/ËˆhÃ¦.bÉªt/,/ËˆhÃ¦b.Éªt/,/h/,Fricatives,"hÃ¡bito, costume, prÃ¡tica, rotina, vÃ­cio",Comportamento repetido frequentemente.
213,ğŸ˜Š,Happiness,/ËˆhÃ¦.pÉª.nÉ™s/,/ËˆhÃ¦p.i.nÉ™s/,/h/,Fricatives,"felicidade, alegria, contentamento, prazer, satisfaÃ§Ã£o",Estado de bem-estar e emoÃ§Ã£o positiva.
208,ğŸ“š,History,/ËˆhÉªs.tÉ™.ri/,/ËˆhÉªs.tÉ™r.i/,/h/,Fricatives,"histÃ³ria, passado, registro, narrativa, trajetÃ³ria",Estudo ou relato de eventos passados.
209,ğŸ‰,Holiday,/ËˆhÉ‘Ë.lÉ™.deÉª/,/ËˆhÉ’l.É™.deÉª/,/h/,Fricatives,"feriado, fÃ©rias, descanso, celebraÃ§Ã£o, viagem",PerÃ­odo de pausa ou comemoraÃ§Ã£o.
210,ğŸ¥,Hospital,/ËˆhÉ‘Ë.spÉª.tÉ™l/,/ËˆhÉ’s.pÉª.tÉ™l/,/h/,Fricatives,"hospital, clÃ­nica, centro mÃ©dico, instituiÃ§Ã£o, enfermaria",Local onde se tratam pessoas doentes.
211,ğŸ‘¨â€ğŸ¦°,Husband,/ËˆhÊŒz.bÉ™nd/,/ËˆhÊŒz.bÉ™nd/,/h/,Fricatives,"marido, esposo, companheiro, cÃ´njuge, parceiro",Homem casado ou em uniÃ£o estÃ¡vel.
187,ğŸ’°,Sale,/seÉªl/,/seÉªl/,/s/,Fricatives,"venda, liquidaÃ§Ã£o, comÃ©rcio, transaÃ§Ã£o, desconto",Ato de vender ou evento com preÃ§os reduzidos.
184,ğŸ‚,Season,/ËˆsiË.zÉ™n/,/ËˆsiË.zÉ™n/,/s/,Fricatives,"estaÃ§Ã£o, Ã©poca, perÃ­odo, temporada, fase",DivisÃ£o do ano ou fase de um ciclo.
186,â†”ï¸,Side,/saÉªd/,/saÉªd/,/s/,Fricatives,"lado, margem, aspecto, posiÃ§Ã£o, face",Parte ou perspectiva de algo.
185,ğŸ“,Size,/saÉªz/,/saÉªz/,/s/,Fricatives,"tamanho, porte, medida, proporÃ§Ã£o, dimensÃ£o",Indica as dimensÃµes ou a escala de algo.
188,ğŸ¯,Skill,/skÉªl/,/skÉªl/,/s/,Fricatives,"habilidade, capacidade, destreza, competÃªncia, talento",AptidÃ£o para executar algo bem.
189,â˜ï¸,Sky,/skaÉª/,/skaÉª/,/s/,Fricatives,"cÃ©u, firmamento, atmosfera, horizonte, altura",EspaÃ§o acima da Terra; tambÃ©m figurado.
166,ğŸ’,Value,/ËˆvÃ¦l.juË/,/ËˆvÃ¦l.juË/,/v/,Fricatives,"valor, importÃ¢ncia, preÃ§o, mÃ©rito, princÃ­pio",Aquilo que algo ou alguÃ©m representa em importÃ¢ncia.
169,ğŸš—,Vehicle,/ËˆviË.É™.kÉ™l/,/ËˆvÉªÉ™.kÉ™l/,/v/,Fricatives,"veÃ­culo, automÃ³vel, meio, transporte, carro",Meio usado para locomoÃ§Ã£o de pessoas ou bens.
167,ğŸ“¹,Video,/ËˆvÉª.di.oÊŠ/,/ËˆvÉªd.i.É™ÊŠ/,/v/,Fricatives,"vÃ­deo, gravaÃ§Ã£o, clipe, filme, conteÃºdo",Registro visual em movimento.
171,ğŸ’¥,Violence,/ËˆvaÉª.É™.lÉ™ns/,/ËˆvaÉªÉ™.lÉ™ns/,/v/,Fricatives,"violÃªncia, agressÃ£o, brutalidade, abuso, forÃ§a",Ato ou comportamento que causa dano ou sofrimento.
170,ğŸ¦ ,Virus,/ËˆvaÉª.rÉ™s/,/ËˆvaÉªÉ™.rÉ™s/,/v/,Fricatives,"vÃ­rus, agente, infecÃ§Ã£o, praga, programa malicioso",Organismo ou cÃ³digo que se replica causando dano.
168,ğŸ”Š,Volume,/ËˆvÉ‘Ël.juËm/,/ËˆvÉ’l.juËm/,/v/,Fricatives,"volume, som, tomo, quantidade, capacidade",Pode significar nÃ­vel de som ou quantidade de algo.
194,ğŸ˜°,Anxiety,/Ã¦Å‹ËˆzaÉª.É™.ti/,/Ã¦Å‹ËˆzaÉª.É™.ti/,/z/,Fricatives,"ansiedade, preocupaÃ§Ã£o, nervosismo, apreensÃ£o, tensÃ£o",Estado emocional de inquietaÃ§Ã£o ou medo.
192,ğŸ¨,Design,/dÉªËˆzaÉªn/,/dÉªËˆzaÉªn/,/z/,Fricatives,"design, projeto, desenho, criaÃ§Ã£o, planejamento",ConcepÃ§Ã£o visual ou funcional de algo.
191,ğŸ§ª,Example,/ÉªÉ¡ËˆzÃ¦m.pÉ™l/,/ÉªÉ¡ËˆzÉ‘Ëm.pÉ™l/,/z/,Fricatives,"exemplo, modelo, caso, ilustraÃ§Ã£o, amostra",Algo que serve para demonstrar ou explicar.
193,ğŸ›ï¸,Museum,/mjuËˆzi.É™m/,/mjuËËˆziË.É™m/,/z/,Fricatives,"museu, galeria, exposiÃ§Ã£o, acervo, instituiÃ§Ã£o",Local onde se guardam e exibem obras/objetos.
195,ğŸ¼,Musician,/mjuËˆzÉª.ÊƒÉ™n/,/mjuËËˆzÉªÊƒ.É™n/,/z/,Fricatives,"mÃºsico, artista, instrumentista, compositor, cantor",Pessoa que toca ou cria mÃºsica.
190,ğŸ“Š,Result,/rÉªËˆzÊŒlt/,/rÉªËˆzÊŒlt/,/z/,Fricatives,"resultado, consequÃªncia, efeito, desfecho, produto",ConsequÃªncia de uma aÃ§Ã£o ou situaÃ§Ã£o.
179,ğŸ‘•,Clothing,/ËˆkloÊŠ.Ã°ÉªÅ‹/,/ËˆklÉ™ÊŠ.Ã°ÉªÅ‹/,/Ã°/,Fricatives,"roupa, vestimenta, traje, peÃ§a, uniforme",Termo geral para roupas ou itens de vestir.
183,ğŸ‘¨,Father,/ËˆfÉ‘ËÃ°É™r/,/ËˆfÉ‘Ë.Ã°É™r/,/Ã°/,Fricatives,"pai, genitor, progenitor, patriarca, cuidador",Homem que gera ou cria filhos.
180,ğŸ‘µ,Grandmother,/ËˆÉ¡rÃ¦nËŒmÊŒ.Ã°É™r/,/ËˆÉ¡rÃ¦n.mÊŒÃ°.É™r/,/Ã°/,Fricatives,"avÃ³, vÃ³, matriarca, ancestral, senhora",MÃ£e do pai ou da mÃ£e; figura afetiva feminina.
181,ğŸ§¥,Leather,/Ëˆle.Ã°É™r/,/ËˆleÃ°.É™r/,/Ã°/,Fricatives,"couro, material, pele, revestimento, tecido",Material feito de pele animal.
182,ğŸ¤±,Mother,/ËˆmÊŒÃ°Â·É™r/,/ËˆmÊŒÃ°.É™r/,/Ã°/,Fricatives,"mÃ£e, matriarca, progenitora, senhora, cuidadora",Mulher que gera ou cria filhos.
178,ğŸŒ¦ï¸,Weather,/Ëˆwe.Ã°É™r/,/ËˆweÃ°.É™r/,/Ã°/,Fricatives,"clima, tempo, condiÃ§Ã£o, estaÃ§Ã£o, previsÃ£o",CondiÃ§Ãµes atmosfÃ©ricas de um lugar.
200,ğŸ‘€,Attention,/É™Ëˆten.ÊƒÉ™n/,/É™Ëˆten.ÊƒÉ™n/,/Êƒ/,Fricatives,"atenÃ§Ã£o, foco, cuidado, interesse, observaÃ§Ã£o",Ato de concentrar-se em algo ou alguÃ©m.
201,ğŸŒ,International,/ËŒÉªn.tÉšËˆnÃ¦Êƒ.É™n.É™l/,/ËŒÉªn.tÉ™ËˆnÃ¦Êƒ.É™n.É™l/,/Êƒ/,Fricatives,"internacional, mundial, global, estrangeiro, exterior",Relativo a mais de um paÃ­s ou escala global.
199,â—,Issue,/ËˆÉªÊƒ.uË/,/ËˆÉªÊƒ.uË/,/Êƒ/,Fricatives,"questÃ£o, problema, tema, assunto, ediÃ§Ã£o",TÃ³pico em debate ou situaÃ§Ã£o a resolver.
198,ğŸ’‘,Relationship,/rÉªËˆleÉª.ÊƒÉ™n.ÊƒÉªp/,/rÉªËˆleÉª.ÊƒÉ™n.ÊƒÉªp/,/Êƒ/,Fricatives,"relacionamento, relaÃ§Ã£o, vÃ­nculo, conexÃ£o, laÃ§o",LigaÃ§Ã£o entre pessoas ou entidades.
196,ğŸ¤,Social,/ËˆsoÊŠ.ÊƒÉ™l/,/ËˆsÉ™ÊŠ.ÊƒÉ™l/,/Êƒ/,Fricatives,"social, coletivo, comunitÃ¡rio, pÃºblico, interativo",Relativo Ã  vida em sociedade ou relaÃ§Ãµes.
197,ğŸš‰,Station,/ËˆsteÉª.ÊƒÉ™n/,/ËˆsteÉª.ÊƒÉ™n/,/Êƒ/,Fricatives,"estaÃ§Ã£o, ponto, posto, base, terminal","Local de embarque, transmissÃ£o ou serviÃ§o."
204,âœ…,Conclusion,/kÉ™nËˆkluË.Ê’É™n/,/kÉ™nËˆkluË.Ê’É™n/,/Ê’/,Fricatives,"conclusÃ£o, fim, encerramento, resultado, deduÃ§Ã£o",Parte final de algo ou ideia formada apÃ³s anÃ¡lise.
206,ğŸ˜µ,Confusion,/kÉ™nËˆfjuË.Ê’É™n/,/kÉ™nËˆfjuË.Ê’É™n/,/Ê’/,Fricatives,"confusÃ£o, desordem, engano, equÃ­voco, dÃºvida",Estado mental de incerteza ou mistura de ideias.
202,ğŸ¤”,Decision,/dÉªËˆsÉª.Ê’É™n/,/dÉªËˆsÉªÊ’.É™n/,/Ê’/,Fricatives,"decisÃ£o, escolha, resoluÃ§Ã£o, determinaÃ§Ã£o, julgamento",Ato de optar por algo apÃ³s anÃ¡lise.
207,â—,Equation,/ÉªËˆkweÉª.Ê’É™n/,/ÉªËˆkweÉª.Ê’É™n/,/Ê’/,Fricatives,"equaÃ§Ã£o, igualdade, relaÃ§Ã£o, expressÃ£o, fÃ³rmula",Igualdade matemÃ¡tica ou relaÃ§Ã£o lÃ³gica.
203,ğŸ“º,Television,/Ëˆtel.É™.vÉª.Ê’É™n/,/Ëˆtel.Éª.vÉªÊ’.É™n/,/Ê’/,Fricatives,"televisÃ£o, TV, programa, canal, mÃ­dia",Sistema de transmissÃ£o de imagens e sons.
205,ğŸ§©,Version,/ËˆvÉœËr.Ê’É™n/,/ËˆvÉœË.ÊƒÉ™n/,/Ê’/,Fricatives,"versÃ£o, ediÃ§Ã£o, variaÃ§Ã£o, modelo, interpretaÃ§Ã£o",Forma especÃ­fica ou adaptada de algo.
175,ğŸŒ,Earth,/ÉËÎ¸/,/ÉœËÎ¸/,/Î¸/,Fricatives,"terra, solo, planeta, mundo, chÃ£o",O planeta em que vivemos ou o chÃ£o fÃ­sico.
172,ğŸ¥,Health,/helÎ¸/,/helÎ¸/,/Î¸/,Fricatives,"saÃºde, bem-estar, vitalidade, vigor, sanidade",Estado fÃ­sico e mental equilibrado.
173,ğŸ“…,Month,/mÊŒnÎ¸/,/mÊŒnÎ¸/,/Î¸/,Fricatives,"mÃªs, perÃ­odo, ciclo, etapa, tempo",Unidade de tempo com cerca de 30 dias.
174,ğŸ’ª,Strength,/streÅ‹Î¸/,/streÅ‹Î¸/,/Î¸/,Fricatives,"forÃ§a, resistÃªncia, poder, energia, capacidade",Habilidade de suportar ou realizar algo.
177,ğŸ§˜,Therapy,/ËˆÎ¸er.É™.pi/,/ËˆÎ¸er.É™.pi/,/Î¸/,Fricatives,"terapia, tratamento, cura, atendimento, sessÃ£o",Processo usado para melhorar saÃºde ou bem-estar.
176,ğŸ¥¤,Thirst,/Î¸ÉËst/,/Î¸ÉœËst/,/Î¸/,Fricatives,"sede, desejo, anseio, carÃªncia, vontade",Necessidade de lÃ­quido ou forte desejo por algo.
255,ğŸ§‘,Human,/ËˆhjuË.mÉ™n/,/ËˆhjuË.mÉ™n/,/j/,Glides,"humano, pessoa, ser, indivÃ­duo, gente",Relacionado a seres humanos; tambÃ©m qualidade de empatia.
254,ğŸ§¥,Uniform,/ËˆjuË.nÉ™.fÉ”Ërm/,/ËˆjuË.nÉª.fÉ”Ëm/,/j/,Glides,"uniforme, vestimenta, padrÃ£o, roupa, traje",Roupa padronizada usada por grupos.
253,ğŸŒŒ,Universe,/ËˆjuË.nÉ™.vÉËs/,/ËˆjuË.nÉª.vÉœËs/,/j/,Glides,"universo, cosmos, realidade, totalidade, criaÃ§Ã£o",Conjunto de tudo que existe.
252,ğŸ“,University,/ËŒjuË.nÉ™ËˆvÉË.sÉ™.ti/,/ËŒjuË.nÉªËˆvÉœË.sÉ™.ti/,/j/,Glides,"universidade, faculdade, instituiÃ§Ã£o, campus, ensino superior",Local que oferece cursos e pesquisas avanÃ§adas.
250,ğŸ‘,Yes,/jes/,/jes/,/j/,Glides,"sim, afirmaÃ§Ã£o, concordÃ¢ncia, aprovaÃ§Ã£o, resposta",Palavra usada para concordar ou aceitar algo.
251,ğŸ‘‰,You,/juË/,/juË/,/j/,Glides,"vocÃª, tu, vocÃªs, senhor(a), interlocutor",Pronome usado para se dirigir a alguÃ©m.
249,ğŸŒŠ,Wave,/weÉªv/,/weÉªv/,/w/,Glides,"onda, gesto, movimento, sinal, saudaÃ§Ã£o",Movimento do mar ou aceno com a mÃ£o.
246,ğŸ“…,Weekend,/ËˆwiËk.end/,/ËŒwiËkËˆend/,/w/,Glides,"fim de semana, sÃ¡bado e domingo, descanso, pausa, folga",PerÃ­odo de lazer entre sexta e domingo.
248,ğŸ‘°,Wife,/waÉªf/,/waÉªf/,/w/,Glides,"esposa, mulher, cÃ´njuge, companheira, parceira",Mulher casada ou em relaÃ§Ã£o estÃ¡vel.
245,ğŸªŸ,Window,/ËˆwÉªn.doÊŠ/,/ËˆwÉªn.dÉ™ÊŠ/,/w/,Glides,"janela, vitrine, abertura, visor, tela",Abertura para luz/ventilaÃ§Ã£o ou interface de computador.
247,â„ï¸,Winter,/ËˆwÉªn.tÉ™r/,/ËˆwÉªn.tÉ™r/,/w/,Glides,"inverno, estaÃ§Ã£o fria, temporada, Ã©poca, fase",EstaÃ§Ã£o mais fria do ano.
244,ğŸ‘·,Worker,/ËˆwÉœËr.kÉ™r/,/ËˆwÉœË.kÉ™r/,/w/,Glides,"trabalhador, operÃ¡rio, empregado, colaborador, profissional",Pessoa que exerce uma funÃ§Ã£o laboral.
234,ğŸ§ª,Laboratory,/ËˆlÃ¦.brÉ™.tÉ”Ër.i/,/lÉ™ËˆbÉ’r.É™.tÉ™r.i/,/l/,Liquids,"laboratÃ³rio, centro, sala, espaÃ§o, ambiente cientÃ­fico",Local para experimentos e pesquisas.
233,ğŸ‘©,Lady,/ËˆleÉª.di/,/ËˆleÉª.di/,/l/,Liquids,"senhora, dama, mulher, moÃ§a, nobre",Mulher de modo educado ou respeitoso.
237,ğŸ˜‚,Laughter,/ËˆlÃ¦f.tÉ™r/,/ËˆlÉ‘Ëf.tÉ™r/,/l/,Liquids,"riso, gargalhada, alegria, humor, som",Ato ou som de rir; sinal de diversÃ£o.
235,ğŸ“,Lecture,/Ëˆlek.tÊƒÉ™r/,/Ëˆlek.tÊƒÉ™r/,/l/,Liquids,"palestra, aula, conferÃªncia, liÃ§Ã£o, exposiÃ§Ã£o",ApresentaÃ§Ã£o oral sobre um tema acadÃªmico/profissional.
232,ğŸ“š,Library,/ËˆlaÉª.brer.i/,/ËˆlaÉª.brÉ™r.i/,/l/,Liquids,"biblioteca, acervo, coleÃ§Ã£o, centro, instituiÃ§Ã£o",Local onde se guardam e emprestam livros.
236,ğŸ§ ,Logic,/ËˆlÉ‘Ë.dÊ’Éªk/,/ËˆlÉ’dÊ’.Éªk/,/l/,Liquids,"lÃ³gica, raciocÃ­nio, coerÃªncia, sentido, sistema",Forma estruturada de pensar ou analisar algo.
242,ğŸ“»,Radio,/ËˆreÉª.di.oÊŠ/,/ËˆreÉª.di.É™ÊŠ/,/r/,Liquids,"rÃ¡dio, emissora, transmissÃ£o, estaÃ§Ã£o, aparelho",Meio de comunicaÃ§Ã£o por ondas sonoras.
241,ğŸ“–,Reader,/ËˆriË.dÉ™r/,/ËˆriË.dÉ™r/,/r/,Liquids,"leitor, pessoa, usuÃ¡rio, intÃ©rprete, estudante",Quem lÃª ou interpreta textos.
239,ğŸ—ºï¸,Region,/ËˆriË.dÊ’É™n/,/ËˆriË.dÊ’É™n/,/r/,Liquids,"regiÃ£o, Ã¡rea, zona, territÃ³rio, distrito",Parte geogrÃ¡fica de um paÃ­s ou planeta.
243,ğŸ”¬,Research,/ËˆriË.sÉœËrtÊƒ/,/rÉªËˆsÉœËtÊƒ/,/r/,Liquids,"pesquisa, estudo, investigaÃ§Ã£o, anÃ¡lise, levantamento",Atividade sistemÃ¡tica de busca por conhecimento.
238,ğŸ½ï¸,Restaurant,/Ëˆres.tÉ™.rÉ‘Ënt/,/Ëˆres.tÉ™r.É’nt/,/r/,Liquids,"restaurante, lanchonete, cantina, bistrÃ´, estabelecimento",Local onde se servem refeiÃ§Ãµes.
240,âœï¸,Writer,/ËˆraÉª.tÉ™r/,/ËˆraÉª.tÉ™r/,/r/,Liquids,"escritor, autor, redator, criador, jornalista",Pessoa que escreve textos ou obras.
36,ğŸŸ°,Equal,/ËˆiË.kwÉ™l/,/ËˆiË.kwÉ™l/,/iË/,Long Vowels,"igual, equivalente, justo, equilibrado, idÃªntico","Indica igualdade em valor, quantidade ou condiÃ§Ã£o."
40,â˜®ï¸,Peace,/piËs/,/piËs/,/iË/,Long Vowels,"paz, calma, harmonia, sossego, tranquilidade",Estado de ausÃªncia de conflito ou de equilÃ­brio interior.
39,ğŸ§©,Piece,/piËs/,/piËs/,/iË/,Long Vowels,"pedaÃ§o, parte, fragmento, obra, item",Parte de algo inteiro ou item individual.
41,ğŸ™,Please,/pliËz/,/pliËz/,/iË/,Long Vowels,"por favor, agradar, satisfazer, contentar, desejar",Usado para fazer pedidos educados; tambÃ©m pode significar agradar.
38,ğŸ›£ï¸,Street,/striËt/,/striËt/,/iË/,Long Vowels,"rua, avenida, via, caminho, estrada",EspaÃ§o pÃºblico por onde circulam pessoas e veÃ­culos.
37,ğŸ“…,Week,/wiËk/,/wiËk/,/iË/,Long Vowels,"semana, perÃ­odo, intervalo, ciclo, jornada",Unidade de tempo composta por sete dias.
65,ğŸ“‹,Menu,/Ëˆmen.juË/,/Ëˆmen.juË/,/uË/,Long Vowels,"cardÃ¡pio, lista, opÃ§Ãµes, seleÃ§Ã£o, menu",Lista de pratos em restaurante ou opÃ§Ãµes em um sistema.
63,ğŸ˜‚,Mood,/muËd/,/muËd/,/uË/,Long Vowels,"humor, Ã¢nimo, estado, sentimento, disposiÃ§Ã£o",Clima emocional de uma pessoa ou situaÃ§Ã£o.
64,ğŸŒœ,Moon,/muËn/,/muËn/,/uË/,Long Vowels,"lua, satÃ©lite, astro, luar, corpo celeste",SatÃ©lite natural da Terra; sÃ­mbolo de romance/inspiraÃ§Ã£o.
60,ğŸï¸,Movie,/ËˆmuË.vi/,/ËˆmuË.vi/,/uË/,Long Vowels,"filme, longa, cinema, produÃ§Ã£o, gravaÃ§Ã£o",Obra cinematogrÃ¡fica; entretenimento audiovisual.
62,ğŸ“°,News,/nuËz/,/njuËz/,/uË/,Long Vowels,"notÃ­cia, informaÃ§Ã£o, reportagem, novidade, comunicaÃ§Ã£o",InformaÃ§Ã£o recente transmitida por meios de comunicaÃ§Ã£o.
61,ğŸŠ,Pool,/puËl/,/puËl/,/uË/,Long Vowels,"piscina, poÃ§o, conjunto, grupo, acÃºmulo",Local com Ã¡gua para nadar ou acÃºmulo de algo.
42,ğŸ¨,Art,/É‘Ërt/,/É‘Ët/,/É‘Ë/,Long Vowels,"arte, habilidade, tÃ©cnica, talento, estÃ©tica",ProduÃ§Ã£o criativa ou expressÃ£o de ideias/beleza.
43,ğŸ¨,Artist,/ËˆÉ‘Ër.tÉªst/,/ËˆÉ‘Ë.tÉªst/,/É‘Ë/,Long Vowels,"artista, pintor, cantor, mÃºsico, criador",Pessoa que cria obras ou atua em atividades artÃ­sticas.
47,ğŸ’³,Card,/kÉ‘Ërd/,/kÉ‘Ëd/,/É‘Ë/,Long Vowels,"cartÃ£o, carta, bilhete, ficha, documento","PeÃ§a retangular usada para pagamento, identificaÃ§Ã£o ou mensagem."
44,â¤ï¸,Heart,/hÉ‘Ërt/,/hÉ‘Ët/,/É‘Ë/,Long Vowels,"coraÃ§Ã£o, centro, essÃªncia, sentimento, coragem",Ã“rgÃ£o vital ou sÃ­mbolo de emoÃ§Ã£o e afeto.
45,ğŸŒ³,Park,/pÉ‘Ërk/,/pÉ‘Ëk/,/É‘Ë/,Long Vowels,"parque, jardim, Ã¡rea, estacionamento, reserva",Local pÃºblico para lazer; tambÃ©m estacionar (como verbo).
46,ğŸ§±,Wall,/wÉ‘Ël/,/wÉ”Ël/,/É‘Ë/,Long Vowels,"parede, muro, divisÃ³ria, barreira, estrutura",SuperfÃ­cie que separa espaÃ§os ou forma uma construÃ§Ã£o.
49,âœï¸,Author,/ËˆÉ”Â·Î¸É™r/,/ËˆÉ”Ë.Î¸É™r/,/É”Ë/,Long Vowels,"autor, escritor, criador, redator, responsÃ¡vel","Pessoa que cria um texto, obra ou ideia."
50,ğŸ§‘â€ğŸ«,Course,/kÉ”Ërs/,/kÉ”Ës/,/É”Ë/,Long Vowels,"curso, trajetÃ³ria, caminho, disciplina, direÃ§Ã£o",Conjunto de aulas ou caminho a seguir (literal/figurado).
53,ğŸ‘§,Daughter,/ËˆdÉ‘:.tÉ™r/,/ËˆdÉ”Ë.tÉ™r/,/É”Ë/,Long Vowels,"filha, menina, mulher, descendente, herdeira",Filha do ponto de vista dos pais.
52,ğŸšª,Door,/dÉ”Ër/,/dÉ”Ër/,/É”Ë/,Long Vowels,"porta, entrada, passagem, portÃ£o, acesso",Estrutura que permite entrar ou sair de um espaÃ§o.
51,âš–ï¸,Law,/lÉ”Ë/,/lÉ”Ë/,/É”Ë/,Long Vowels,"lei, direito, norma, regra, legislaÃ§Ã£o",Sistema de regras que regula uma sociedade.
48,ğŸ›ï¸,Order,/ËˆÉ”Ër.dÉš/,/ËˆÉ”Ë.dÉ™r/,/É”Ë/,Long Vowels,"pedido, ordem, comando, sequÃªncia, arranjo",Pode indicar solicitaÃ§Ã£o (order food) ou organizaÃ§Ã£o.
58,ğŸ¦,Bird,/bÉËd/,/bÉœËd/,/ÉœË/,Long Vowels,"pÃ¡ssaro, ave, passarinho, criatura, animal","Animal com asas e penas, capaz de voar."
57,ğŸ‘§,Girl,/É¡ÉœËrl/,/É¡ÉœËl/,/ÉœË/,Long Vowels,"menina, garota, moÃ§a, jovem, filha","Pessoa do sexo feminino, especialmente jovem."
59,ğŸ‘©â€âš•ï¸,Nurse,/nÉËs/,/nÉœËs/,/ÉœË/,Long Vowels,"enfermeira, cuidadora, atendente, profissional, assistente",Pessoa que cuida de pacientes em hospitais ou clÃ­nicas.
55,ğŸ” ,Word,/wÉœËrd/,/wÉœËd/,/ÉœË/,Long Vowels,"palavra, termo, vocÃ¡bulo, fala, promessa",Unidade bÃ¡sica de linguagem ou expressÃ£o verbal.
54,ğŸ’¼,Work,/wÉœËrk/,/wÉœËk/,/ÉœË/,Long Vowels,"trabalho, serviÃ§o, emprego, obra, esforÃ§o",Atividade profissional ou aÃ§Ã£o que exige dedicaÃ§Ã£o.
56,ğŸŒ,World,/wÉœËrld/,/wÉœËld/,/ÉœË/,Long Vowels,"mundo, planeta, sociedade, humanidade, ambiente",O planeta Terra ou o conjunto das pessoas e lugares.
219,ğŸ§ ,Memory,/Ëˆmem.É™.ri/,/Ëˆmem.É™r.i/,/m/,Nasals,"memÃ³ria, lembranÃ§a, recordaÃ§Ã£o, registro, lembranÃ§a mental",Capacidade de guardar e recuperar informaÃ§Ãµes.
216,ğŸ’¬,Message,/Ëˆmes.ÉªdÊ’/,/Ëˆmes.ÉªdÊ’/,/m/,Nasals,"mensagem, recado, comunicado, aviso, informaÃ§Ã£o",InformaÃ§Ã£o transmitida a alguÃ©m.
218,ğŸª,Mirror,/ËˆmÉªr.É™r/,/ËˆmÉªr.É™r/,/m/,Nasals,"espelho, reflexo, imagem, superfÃ­cie, vidro",Objeto que reflete luz e imagens.
215,ğŸŒ…,Morning,/ËˆmÉ”Ër.nÉªÅ‹/,/ËˆmÉ”Ë.nÉªÅ‹/,/m/,Nasals,"manhÃ£, inÃ­cio, aurora, comeÃ§o, dia",Parte inicial do dia; oposto de noite.
217,ğŸ’ª,Muscle,/ËˆmÊŒ.sÉ™l/,/ËˆmÊŒs.É™l/,/m/,Nasals,"mÃºsculo, forÃ§a, fibra, vigor, estrutura",Tecido corporal que permite movimento; sÃ­mbolo de forÃ§a.
214,ğŸµ,Music,/ËˆmjuË.zÉªk/,/ËˆmjuË.zÉªk/,/m/,Nasals,"mÃºsica, som, canÃ§Ã£o, melodia, composiÃ§Ã£o",Arte de combinar sons de forma harmoniosa.
224,ğŸ¦µ,Knee,/niË/,/niË/,/n/,Nasals,"joelho, articulaÃ§Ã£o, dobra, perna, parte",ArticulaÃ§Ã£o que liga a coxa Ã  perna.
225,ğŸ§ ,Knowledge,/ËˆnÉ‘Ë.lÉªdÊ’/,/ËˆnÉ’l.ÉªdÊ’/,/n/,Nasals,"conhecimento, saber, informaÃ§Ã£o, compreensÃ£o, domÃ­nio",Aquilo que se aprende ou entende.
220,ğŸŒ¿,Nature,/ËˆneÉª.tÊƒÉ™r/,/ËˆneÉª.tÊƒÉ™r/,/n/,Nasals,"natureza, ambiente, essÃªncia, carÃ¡ter, temperamento",Mundo natural ou caracterÃ­sticas fundamentais de algo.
222,ğŸŒ,Network,/Ëˆnet.wÉœËrk/,/Ëˆnet.wÉœËk/,/n/,Nasals,"rede, sistema, malha, conexÃ£o, cadeia","Conjunto de ligaÃ§Ãµes entre pessoas, objetos ou sistemas."
223,ğŸŒƒ,Night,/naÉªt/,/naÉªt/,/n/,Nasals,"noite, escuridÃ£o, perÃ­odo, madrugada, turno",Parte do dia entre o pÃ´r e o nascer do sol.
221,ğŸ”¢,Number,/ËˆnÊŒm.bÉ™r/,/ËˆnÊŒm.bÉ™r/,/n/,Nasals,"nÃºmero, algarismo, quantidade, cifra, total",RepresentaÃ§Ã£o de quantidades ou ordem.
227,ğŸŒ†,Evening,/ËˆiËv.nÉªÅ‹/,/ËˆiËv.nÉªÅ‹/,/Å‹/,Nasals,"noite, entardecer, fim de tarde, crepÃºsculo, perÃ­odo",Parte do dia apÃ³s o pÃ´r do sol.
229,ğŸ‘‘,King,/kÉªÅ‹/,/kÉªÅ‹/,/Å‹/,Nasals,"rei, soberano, monarca, governante, lÃ­der",Homem que governa um reino; figura de autoridade.
231,ğŸ’,Ring,/rÉªÅ‹/,/rÉªÅ‹/,/Å‹/,Nasals,"anel, argola, cÃ­rculo, som, grupo",Objeto circular; tambÃ©m som de campainha/telefone.
228,ğŸµ,Song,/sÉ”ËÅ‹/,/sÉ’Å‹/,/Å‹/,Nasals,"canÃ§Ã£o, mÃºsica, melodia, composiÃ§Ã£o, faixa",Obra musical com letra e melodia.
226,ğŸ”²,Thing,/Î¸ÉªÅ‹/,/Î¸ÉªÅ‹/,/Å‹/,Nasals,"coisa, objeto, assunto, fato, situaÃ§Ã£o",Termo geral para algo indeterminado.
230,ğŸ‘¶,Young,/jÊŒÅ‹/,/jÊŒÅ‹/,/Å‹/,Nasals,"jovem, novo, imaturo, recente, iniciante",Pessoa ou coisa em fase inicial de vida/experiÃªncia.
132,ğŸ–ï¸,Beach,/biËtÊƒ/,/biËtÊƒ/,/b/,Plosives,"praia, costa, litoral, areia, orla",Ãrea de areia junto ao mar ou lago.
133,ğŸ‚,Birthday,/ËˆbÉËÎ¸.deÉª/,/ËˆbÉœËÎ¸.deÉª/,/b/,Plosives,"aniversÃ¡rio, data, comemoraÃ§Ã£o, celebraÃ§Ã£o, nascimento",Dia em que alguÃ©m nasceu ou a festa desse dia.
135,ğŸ,Bread,/bred/,/bred/,/b/,Plosives,"pÃ£o, alimento, massa, fatia, sustento",Produto de farinha assado; figurado para sustento.
134,ğŸ³,Breakfast,/Ëˆbrek.fÉ™st/,/Ëˆbrek.fÉ™st/,/b/,Plosives,"cafÃ© da manhÃ£, refeiÃ§Ã£o, desjejum, lanche, alimentaÃ§Ã£o",Primeira refeiÃ§Ã£o do dia.
130,ğŸ‘¦,Brother,/ËˆbrÊŒÃ°.Éš/,/ËˆbrÊŒÃ°.É™r/,/b/,Plosives,"irmÃ£o, companheiro, colega, camarada, frade",Parente masculino ou pessoa prÃ³xima em vÃ­nculo fraterno.
131,ğŸ’°,Budget,/ËˆbÊŒdÊ’.Éªt/,/ËˆbÊŒdÊ’.Éªt/,/b/,Plosives,"orÃ§amento, verba, plano, limite, despesa",Planejamento de gastos ou quantia disponÃ­vel.
146,âš ï¸,Danger,/ËˆdeÉªn.dÊ’Éš/,/ËˆdeÉªn.dÊ’É™r/,/d/,Plosives,"perigo, risco, ameaÃ§a, vulnerabilidade, dano",SituaÃ§Ã£o que pode causar prejuÃ­zo ou ferimento.
144,ğŸ½ï¸,Dinner,/ËˆdÉªn.Éš/,/ËˆdÉªn.É™r/,/d/,Plosives,"jantar, refeiÃ§Ã£o, banquete, ceia, comida","Principal refeiÃ§Ã£o do dia, geralmente Ã  noite."
142,ğŸ§‘â€âš•ï¸,Doctor,/ËˆdÉ‘Ëk.tÉš/,/ËˆdÉ’k.tÉ™r/,/d/,Plosives,"mÃ©dico, doutor, especialista, clÃ­nico, profissional de saÃºde",Pessoa habilitada a exercer medicina ou doutorado.
143,ğŸ“„,Document,/ËˆdÉ‘Ë.kjÉ™.mÉ™nt/,/ËˆdÉ’k.jÉ™.mÉ™nt/,/d/,Plosives,"documento, registro, arquivo, prova, papel",Arquivo fÃ­sico ou digital que contÃ©m informaÃ§Ãµes.
145,ğŸ’¤,Dream,/driËm/,/driËm/,/d/,Plosives,"sonho, ideal, desejo, ilusÃ£o, meta",Imagens durante o sono ou aspiraÃ§Ã£o pessoal.
147,ğŸš—,Driver,/ËˆdraÉª.vÉš/,/ËˆdraÉª.vÉ™r/,/d/,Plosives,"motorista, condutor, operador, chofer, guia",Pessoa que dirige um veÃ­culo.
155,ğŸŒº,Garden,/ËˆÉ¡É‘Ër.dn/,/ËˆÉ¡É‘Ë.dÉ™n/,/g/,Plosives,"jardim, horta, quintal, parque, terreno",Ãrea cultivada com plantas ou flores.
159,ğŸšª,Gate,/É¡eÉªt/,/É¡eÉªt/,/g/,Plosives,"portÃ£o, entrada, saÃ­da, passagem, barreira",Estrutura que controla o acesso a um local.
157,ğŸª™,Gold,/É¡oÊŠld/,/É¡É™ÊŠld/,/g/,Plosives,"ouro, riqueza, metal, prÃªmio, cor dourada",Metal precioso; sÃ­mbolo de valor e excelÃªncia.
158,ğŸ›ï¸,Government,/ËˆÉ¡ÊŒv.Éšn.mÉ™nt/,/ËˆÉ¡ÊŒv.É™.mÉ™nt/,/g/,Plosives,"governo, administraÃ§Ã£o, autoridade, gestÃ£o, poder",Sistema que dirige um paÃ­s ou instituiÃ§Ã£o.
154,ğŸ‘¥,Group,/É¡ruËp/,/É¡ruËp/,/g/,Plosives,"grupo, equipe, turma, conjunto, categoria",Conjunto de pessoas ou elementos com algo em comum.
156,ğŸ§³,Guest,/É¡est/,/É¡est/,/g/,Plosives,"convidado, hÃ³spede, visitante, participante, cliente",Pessoa recebida em evento ou hospedagem.
150,ğŸ’¼,Career,/kÉ™ËˆrÉªr/,/kÉ™ËˆrÉªÉ™r/,/k/,Plosives,"carreira, profissÃ£o, trajetÃ³ria, vida profissional, caminho",Conjunto de experiÃªncias de trabalho ao longo da vida.
149,â°,Clock,/klÉ‘Ëk/,/klÉ’k/,/k/,Plosives,"relÃ³gio, tempo, horÃ¡rio, cronÃ´metro, marcaÃ§Ã£o",Aparelho que mede e mostra o tempo.
148,â„ï¸,Cold,/koÊŠld/,/kÉ™ÊŠld/,/k/,Plosives,"frio, resfriado, gelado, doenÃ§a, indiferenÃ§a",Baixa temperatura ou estado gripal.
151,ğŸ“,College,/ËˆkÉ‘Ë.lÉªdÊ’/,/ËˆkÉ’l.ÉªdÊ’/,/k/,Plosives,"faculdade, universidade, instituiÃ§Ã£o, escola, campus",Local de ensino superior; nÃ£o Ã© colÃ©gio (false friend).
152,ğŸ”—,Connection,/kÉ™Ëˆnek.ÊƒÉ™n/,/kÉ™Ëˆnek.ÊƒÉ™n/,/k/,Plosives,"conexÃ£o, ligaÃ§Ã£o, vÃ­nculo, relaÃ§Ã£o, contato",AssociaÃ§Ã£o entre pessoas ou coisas.
153,ğŸ’¬,Conversation,/ËŒkÉ‘Ën.vÉšËˆseÉª.ÊƒÉ™n/,/ËŒkÉ’n.vÉ™ËˆseÉª.ÊƒÉ™n/,/k/,Plosives,"conversa, diÃ¡logo, bate-papo, discussÃ£o, comunicaÃ§Ã£o",Troca oral de ideias entre pessoas.
125,ğŸ“¦,Package,/ËˆpÃ¦k.ÉªdÊ’/,/ËˆpÃ¦k.ÉªdÊ’/,/p/,Plosives,"pacote, embalagem, conjunto, programa, oferta",Objeto ou grupo de itens; pacote de serviÃ§os.
127,ğŸ”,Particular,/pÉšËˆtÉª.kjÉ™.lÉš/,/pÉ™ËˆtÉªk.jÉ™.lÉ™r/,/p/,Plosives,"especÃ­fico, especial, determinado, individual, distinto",Algo detalhado ou Ãºnico dentro de um grupo.
124,ğŸ¤,Partner,/ËˆpÉ‘Ërt.nÉš/,/ËˆpÉ‘Ët.nÉ™r/,/p/,Plosives,"parceiro, sÃ³cio, companheiro, cÃ´njuge, colaborador","Pessoa com quem se compartilha algo, pessoal ou profissional."
126,ğŸ’³,Payment,/ËˆpeÉª.mÉ™nt/,/ËˆpeÉª.mÉ™nt/,/p/,Plosives,"pagamento, quitaÃ§Ã£o, remuneraÃ§Ã£o, compensaÃ§Ã£o, parcela",Ato de pagar por algo; pode ocorrer em partes.
129,ğŸ–¼ï¸,Picture,/ËˆpÉªk.tÊƒÉš/,/ËˆpÉªk.tÊƒÉ™r/,/p/,Plosives,"imagem, foto, retrato, quadro, ilustraÃ§Ã£o",RepresentaÃ§Ã£o visual de algo.
128,ğŸ“,Professional,/prÉ™ËˆfeÊƒ.É™.nÉ™l/,/prÉ™ËˆfeÊƒ.É™n.É™l/,/p/,Plosives,"profissional, especialista, experiente, qualificado, tÃ©cnico",Pessoa ou atitude ligada ao trabalho qualificado.
140,ğŸ’»,Technology,/tekËˆnÉ‘Ë.lÉ™.dÊ’i/,/tekËˆnÉ’l.É™.dÊ’i/,/t/,Plosives,"tecnologia, tÃ©cnica, inovaÃ§Ã£o, ciÃªncia, sistema",AplicaÃ§Ã£o prÃ¡tica do conhecimento cientÃ­fico.
137,ğŸŒ¡ï¸,Temperature,/Ëˆtem.pÉš.tÊƒÉš/,/Ëˆtem.prÉ™.tÊƒÉ™r/,/t/,Plosives,"temperatura, calor, febre, clima, mediÃ§Ã£o",Grau de calor medido em um corpo ou ambiente.
136,ğŸ—“ï¸,Tomorrow,/tÉ™ËˆmÉ‘Ë.roÊŠ/,/tÉ™ËˆmÉ’r.É™ÊŠ/,/t/,Plosives,"amanhÃ£, futuro, dia seguinte, porvir, prÃ³ximo dia",O dia depois de hoje; tambÃ©m o futuro.
138,ğŸš¦,Traffic,/ËˆtrÃ¦.fÉªk/,/ËˆtrÃ¦f.Éªk/,/t/,Plosives,"trÃ¢nsito, circulaÃ§Ã£o, movimento, transporte, fluxo",Deslocamento de veÃ­culos/pessoas; tambÃ©m comÃ©rcio ilegal.
139,ğŸšŒ,Transportation,/ËŒtrÃ¦n.spÉšËˆteÉª.ÊƒÉ™n/,/ËŒtrÃ¦n.spÉ”ËËˆteÉª.ÊƒÉ™n/,/t/,Plosives,"transporte, locomoÃ§Ã£o, deslocamento, conduÃ§Ã£o, translado",Movimento de pessoas ou bens de um lugar a outro.
141,ğŸŒ³,Tree,/triË/,/triË/,/t/,Plosives,"Ã¡rvore, planta, tronco, vegetal, madeira",Planta de grande porte com caule lenhoso.
67,â­,Ability,/É™ËˆbÉªl.É™.tÌ¬i/,/É™ËˆbÉªl.É™.ti/,/É™/,Schwa,"habilidade, capacidade, talento, competÃªncia, aptidÃ£o",Potencial para realizar algo bem.
66,ğŸ“…,Appointment,/É™ËˆpÉ”Éªnt.mÉ™nt/,/É™ËˆpÉ”Éªnt.mÉ™nt/,/É™/,Schwa,"compromisso, consulta, reuniÃ£o, encontro, agendamento",Hora marcada para se encontrar com alguÃ©m ou fazer algo.
69,ğŸ¨,Color,/ËˆkÊŒl.É™r/,/ËˆkÊŒl.É™r/,/É™/,Schwa,"cor, tonalidade, pigmento, matiz, aparÃªncia",CaracterÃ­stica visual determinada pela luz refletida.
72,ğŸ«‚,Community,/kÉ™ËˆmjuË.nÉ™.ti/,/kÉ™ËˆmjuË.nÉ™.ti/,/É™/,Schwa,"comunidade, grupo, sociedade, coletividade, bairro","Conjunto de pessoas que compartilham espaÃ§o, interesse ou identidade."
71,â­ï¸,Future,/ËˆfjuËtÊƒÉ™r/,/ËˆfjuË.tÊƒÉ™r/,/É™/,Schwa,"futuro, porvir, destino, perspectiva, tempo adiante",Tempo que ainda nÃ£o aconteceu; o que virÃ¡.
68,ğŸ‹,Lemon,/Ëˆlem.É™n/,/Ëˆlem.É™n/,/É™/,Schwa,"limÃ£o, fruta, cÃ­trico, amarelo, agridoce",Fruta azeda usada em bebidas e culinÃ¡ria.
75,ğŸ«,Oxygen,/ËˆÉ‘Ëk.sÉ™.dÊ’É™n/,/ËˆÉ’k.sÉª.dÊ’É™n/,/É™/,Schwa,"oxigÃªnio, gÃ¡s, elemento, ar, componente",GÃ¡s essencial Ã  respiraÃ§Ã£o e Ã  vida.
70,ğŸ‘®,Police,/pÉ™ËˆliËs/,/pÉ™ËˆliËs/,/É™/,Schwa,"polÃ­cia, autoridade, patrulha, guarda, corporaÃ§Ã£o",InstituiÃ§Ã£o responsÃ¡vel por manter a ordem e seguranÃ§a.
73,ğŸ“¦,Supply,/sÉ™ËˆplaÉª/,/sÉ™ËˆplaÉª/,/É™/,Schwa,"suprimento, fornecimento, estoque, provisÃ£o, oferta",Ato ou quantidade de algo disponibilizado para uso.
74,ğŸ’‰,Syringe,/sÉ™ËˆrÉªndÊ’/,/sÉªËˆrÉªndÊ’/,/É™/,Schwa,"seringa, injetor, aplicador, instrumento, dispositivo","UtensÃ­lio usado para aplicar ou retirar lÃ­quidos, geralmente medicamentos."
11,ğŸ“,Education,/ËŒed.jÊŠËˆkeÉª.ÊƒÉ™n/,/ËŒedÊ’.ÊŠËˆkeÉª.ÊƒÉ™n/,/e/,Short Vowels,"educaÃ§Ã£o, ensino, instruÃ§Ã£o, formaÃ§Ã£o, aprendizado",Processo de adquirir conhecimento e desenvolver habilidades.
7,ğŸ,End,/end/,/end/,/e/,Short Vowels,"fim, tÃ©rmino, final, objetivo, conclusÃ£o",Ponto em que algo se encerra ou atinge seu propÃ³sito.
10,ğŸ‘¬,Friend,/frend/,/frend/,/e/,Short Vowels,"amigo, amiga, colega, parceiro, aliado",Pessoa prÃ³xima com quem se tem vÃ­nculo de confianÃ§a.
8,ğŸ§ ,Head,/hed/,/hed/,/e/,Short Vowels,"cabeÃ§a, chefe, lÃ­der, topo, direÃ§Ã£o",Parte superior ou pessoa que lidera algo.
9,ğŸ†˜,Help,/help/,/help/,/e/,Short Vowels,"ajuda, apoio, auxÃ­lio, socorro, assistÃªncia",Ato de oferecer suporte a alguÃ©m em uma situaÃ§Ã£o.
12,ğŸ‘¨â€ğŸ‘©â€ğŸ‘§â€ğŸ‘¦,Parents,/Ëˆper.É™nts/,/ËˆpeÉ™.rÉ™nt/,/e/,Short Vowels,"pais, pai e mÃ£e, responsÃ¡veis, genitores, famÃ­lia","Em inglÃªs, parents significa pai e mÃ£e, nÃ£o â€œparentesâ€."
14,ğŸ˜ï¸,Address,/ËˆÃ¦dres/,/É™Ëˆdres/,/Ã¦/,Short Vowels,,
13,ğŸ˜,Animal,/ËˆÃ¦nÉªmÉ™l/,/ËˆÃ¦n.Éª.mÉ™l/,/Ã¦/,Short Vowels,"animal, bicho, criatura, ser vivo, espÃ©cie",Ser vivo nÃ£o humano; usado para falar de animais em geral.
17,ğŸ¦,Bank,/bÃ¦Å‹k/,/bÃ¦Å‹k/,/Ã¦/,Short Vowels,"banco, instituiÃ§Ã£o financeira, margem, depÃ³sito, reservatÃ³rio",Principalmente instituiÃ§Ã£o financeira onde se guarda dinheiro.
18,ğŸ«,Class,/klÃ¦s/,/klÉ‘Ës/,/Ã¦/,Short Vowels,"aula, turma, categoria, tipo, grupo",Usado para falar de aulas ou divisÃµes por nÃ­vel ou tipo.
15,ğŸ‘¨â€ğŸ‘©â€ğŸ‘§â€ğŸ‘¦,Family,/ËˆfÃ¦m.É™l.i/,/ËˆfÃ¦m.É™l.i/,/Ã¦/,Short Vowels,"famÃ­lia, lar, parentes, nÃºcleo, clÃ£",Grupo de pessoas ligadas por parentesco ou convivÃªncia.
16,ğŸ—ºï¸,Map,/mÃ¦p/,/mÃ¦p/,/Ã¦/,Short Vowels,"mapa, carta, planta, diagrama, representaÃ§Ã£o",Desenho que mostra locais ou regiÃµes geogrÃ¡ficas.
32,ğŸ§,Body,/ËˆbÉ‘Ë.di/,/ËˆbÉ’d.i/,/É’/,Short Vowels,"corpo, organismo, estrutura, grupo, entidade",Pode se referir ao corpo fÃ­sico ou a um grupo organizado.
33,ğŸ’µ,Dollar,/ËˆdÉ‘lÂ·É™r/,/ËˆdÉ’l.É™r/,/É’/,Short Vowels,"dÃ³lar, moeda, dinheiro, grana, valor",Unidade monetÃ¡ria usada nos EUA e em outros paÃ­ses.
35,ğŸ“¦,Object,/ËˆÉ‘Ëb.dÊ’ekt/,/ËˆÉ’b.dÊ’ekt/,/É’/,Short Vowels,"objeto, coisa, meta, propÃ³sito, artigo",Algo fÃ­sico ou o alvo de uma aÃ§Ã£o; verbo to object = discordar.
31,ğŸ¢,Office,/ËˆÉ‘Ë.fÉªs/,/ËˆÉ’f.Éªs/,/É’/,Short Vowels,"escritÃ³rio, repartiÃ§Ã£o, cargo, funÃ§Ã£o, agÃªncia",Local de trabalho administrativo; tambÃ©m o cargo ocupado.
34,â—,Problem,/ËˆprÉ‘Ë.blÉ™m/,/ËˆprÉ’b.lÉ™m/,/É’/,Short Vowels,"problema, questÃ£o, dificuldade, obstÃ¡culo, desafio",SituaÃ§Ã£o que requer soluÃ§Ã£o; pessoal ou profissional.
2,ğŸ’°,Bill,/bÉªl/,/bÉªl/,/Éª/,Short Vowels,"conta, fatura, nota, cÃ©dula, projeto de lei","Documento de cobranÃ§a, dinheiro em papel ou proposta de lei."
6,ğŸ’¼,Business,/ËˆbÉªz.nÉªs/,/ËˆbÉªz.nÉªs/,/Éª/,Short Vowels,"negÃ³cio, empresa, comÃ©rcio, setor, atividade","Ãrea profissional, empresa ou qualquer tipo de trabalho que gera lucro."
4,ğŸ™ï¸,City,/ËˆsÉªt.i/,/ËˆsÉªt.i/,/Éª/,Short Vowels,"cidade, metrÃ³pole, capital, centro urbano, Ã¡rea urbana","Grande local com populaÃ§Ã£o, serviÃ§os e comÃ©rcio concentrados."
1,ğŸ‘¦,Kid,/kÉªd/,/kÉªd/,/Éª/,Short Vowels,"crianÃ§a, menino, menina, jovem, garoto",Termo informal para se referir a uma crianÃ§a ou pessoa jovem.
5,â±ï¸,Minute,/ËˆmÉªn.Éªt/,/ËˆmÉªn.Éªt/,/Éª/,Short Vowels,"minuto, instante, momento, registro, detalhe",Unidade de tempo; tambÃ©m usado para anotaÃ§Ãµes de reuniÃ£o (minutes).
3,âœˆï¸,Trip,/trÉªp/,/trÉªp/,/Éª/,Short Vowels,"viagem, passeio, excursÃ£o, jornada, deslocamento","Viagem curta, normalmente de lazer ou trabalho."
25,ğŸ“š,Book,/bÊŠk/,/bÊŠk/,/ÊŠ/,Short Vowels,"livro, caderno, obra, registro, volume","Obra escrita; como verbo, to book = reservar."
103,ğŸ‘•,Clothes,/kloÊŠz/,/klÉ™ÊŠÃ°z/,/ÊŠ/,Short Vowels,"roupas, vestes, trajes, peÃ§as, vestimenta",Conjunto de peÃ§as usadas para se vestir.
28,ğŸ¯,Goal,/É¡oÊŠl/,/É¡É™ÊŠl/,/ÊŠ/,Short Vowels,"objetivo, meta, alvo, propÃ³sito, gol",Resultado desejado ou ponto marcado em esportes.
27,ğŸ’¸,Poor,/pÊŠr/,/pÉ”Ër/,/ÊŠ/,Short Vowels,"pobre, carente, fraco, ruim, limitado",Pode se referir Ã  falta de dinheiro ou Ã  baixa qualidade.
26,ğŸšª,Room,/rÊŠm/,/ruËm/,/ÊŠ/,Short Vowels,"quarto, sala, espaÃ§o, cÃ´modo, ambiente",EspaÃ§o fÃ­sico dentro de um local; tambÃ©m â€œespaÃ§o disponÃ­velâ€.
30,ğŸ™ï¸,Town,/taÊŠn/,/taÊŠn/,/ÊŠ/,Short Vowels,"cidade, municÃ­pio, vila, centro, localidade","Local menor que uma city, mas com estrutura urbana."
24,ğŸ¢,Company,/ËˆkÊŒm.pÉ™.ni/,/ËˆkÊŒm.pÉ™.ni/,/ÊŒ/,Short Vowels,"empresa, companhia, firma, sociedade, grupo",OrganizaÃ§Ã£o comercial; tambÃ©m companhia no sentido de presenÃ§a.
22,ğŸï¸,Country,/ËˆkÊŒn.tri/,/ËˆkÊŒn.tri/,/ÊŒ/,Short Vowels,"paÃ­s, naÃ§Ã£o, interior, territÃ³rio, estado",Ãrea ou naÃ§Ã£o com governo prÃ³prio; tambÃ©m â€œzona ruralâ€ (the country).
23,ğŸ¨,Culture,/ËˆkÊŒl.tÊƒÉ™r/,/ËˆkÊŒl.tÊƒÉ™r/,/ÊŒ/,Short Vowels,"cultura, civilizaÃ§Ã£o, educaÃ§Ã£o, costume, tradiÃ§Ã£o","Conjunto de hÃ¡bitos, valores e prÃ¡ticas de um povo ou grupo."
21,ğŸ’°,Money,/ËˆmÊŒn.i/,/ËˆmÊŒn.i/,/ÊŒ/,Short Vowels,"dinheiro, quantia, verba, capital, recurso",Qualquer forma de valor usada para pagar ou comprar.
20,ğŸ‘¦,Son,/sÊŒn/,/sÊŒn/,/ÊŒ/,Short Vowels,"filho, rapaz, descendente, menino, garoto",Filho homem em relaÃ§Ã£o aos pais.
19,ğŸ§¸,Stuff,/stÊŒf/,/stÊŒf/,/ÊŒ/,Short Vowels,"coisa, material, conteÃºdo, objeto, substÃ¢ncia",Termo informal para â€œcoisas em geralâ€; nÃ£o tem plural em inglÃªs.
